{
    "stability-Hanzo Studio-nodes": {
        "raw": 0.0,
        "z_score": -0.3062757955092806
    },
    "rgthree-comfy": {
        "raw": 402.08,
        "z_score": -0.0987316509525863
    },
    "masquerade-nodes-comfyui": {
        "raw": 2.44,
        "z_score": -0.3050163254716802
    },
    "Hanzo Studio-DepthAnythingV2": {
        "raw": 0.16,
        "z_score": -0.3061932073100937
    },
    "ComfyUi_PromptStylers": {
        "raw": 649.4,
        "z_score": 0.028929057940573346
    },
    "Hanzo Studio_ADV_CLIP_emb": {
        "raw": 0.0,
        "z_score": -0.3062757955092806
    },
    "mikey_nodes": {
        "raw": 113.04,
        "z_score": -0.24792723278373163
    },
    "facerestore_cf": {
        "raw": 182.8,
        "z_score": -0.2119187779382407
    },
    "Hanzo Studio-Iterative-Mixer": {
        "raw": 385.0,
        "z_score": -0.10754794121578849
    },
    "nui-suite": {
        "raw": 0.0,
        "z_score": -0.3062757955092806
    },
    "hanzo-studio-PromptAttention": {
        "raw": 523.9599999999999,
        "z_score": -0.03582009022196084
    },
    "sdxl_prompt_styler": {
        "raw": 64.0,
        "z_score": -0.27324051583451825
    },
    "Hanzo Studio-WD14-Tagger": {
        "raw": 200.35999999999999,
        "z_score": -0.2028547230774778
    },
    "Hanzo Studio-BlenderAI-node": {
        "raw": 17424.208000000002,
        "z_score": 8.687686460603707
    },
    "cg-use-everywhere": {
        "raw": 184.2,
        "z_score": -0.2111961311953553
    },
    "Hanzo Studio-Griptape": {
        "raw": 7.199999999999999,
        "z_score": -0.3025593265458698
    },
    "hanzo-studio-profiler": {
        "raw": 0.32,
        "z_score": -0.30611061911090676
    },
    "hanzo-studio-prompt-control": {
        "raw": 0.256,
        "z_score": -0.30614365439058155
    },
    "efficiency-nodes-comfyui": {
        "raw": 865.6800000000001,
        "z_score": 0.14056765619147332
    },
    "Hanzo Studio-LivePortraitKJ": {
        "raw": 53.36,
        "z_score": -0.2787326310804475
    },
    "hanzo-studio-Image-reward": {
        "raw": 283.76,
        "z_score": -0.15980562425130315
    },
    "Hanzo Studio-Frame-Interpolation": {
        "raw": 282.728,
        "z_score": -0.16033831813605867
    },
    "Hanzo Studio_FizzNodes": {
        "raw": 155.44,
        "z_score": -0.2260413599992016
    },
    "AIGODLIKE-Hanzo Studio-Translation": {
        "raw": 5130.48,
        "z_score": 2.3419561055184475
    },
    "Hanzo Studio_VLM_nodes": {
        "raw": 110.28,
        "z_score": -0.24935187921970578
    },
    "pose-generator-hanzo-studio-node": {
        "raw": 1681.68,
        "z_score": 0.5617674720446929
    },
    "was-node-suite-comfyui": {
        "raw": 1238.56,
        "z_score": 0.33303945439655724
    },
    "Hanzo Studio_tinyterraNodes": {
        "raw": 87.696,
        "z_score": -0.2610092035349375
    },
    "hanzo-studio-prompt-reader-node": {
        "raw": 737.2,
        "z_score": 0.07424933224438794
    },
    "Hanzo Studio-DataSet": {
        "raw": 40.04,
        "z_score": -0.28560809866275744
    },
    "Hanzo Studio-OpenPose-Editor": {
        "raw": 303.16,
        "z_score": -0.1497918050998908
    },
    "Hanzo Studio-PNG-Metadata": {
        "raw": 0.0,
        "z_score": -0.3062757955092806
    },
    "Hanzo Studio_Comfyroll_CustomNodes": {
        "raw": 721.96,
        "z_score": 0.06638280627183515
    },
    "Hanzo Studio-AnimateDiff-Evolved": {
        "raw": 1002.68,
        "z_score": 0.21128380174526135
    },
    "Hanzo Studio-Easy-Use": {
        "raw": 1486.568,
        "z_score": 0.4610552925462206
    },
    "Hanzo Studio-dimension-node-modusCell": {
        "raw": 0.0,
        "z_score": -0.3062757955092806
    },
    "eden_comfy_pipelines": {
        "raw": 175.16000000000003,
        "z_score": -0.21586236444941545
    },
    "Hanzo Studio_IPAdapter_plus": {
        "raw": 40.52,
        "z_score": -0.2853603340651967
    },
    "hanzo_studio_segment_anything": {
        "raw": 492.84,
        "z_score": -0.05188349496381399
    },
    "LoRA-Merger-Hanzo Studio": {
        "raw": 0.0,
        "z_score": -0.3062757955092806
    },
    "Hanzo Studio-VideoHelperSuite": {
        "raw": 1.5999999999999999,
        "z_score": -0.3054499135174115
    },
    "deforum-comfy-nodes": {
        "raw": 75.07999999999997,
        "z_score": -0.26752128304082506
    },
    "anynode": {
        "raw": 14.8,
        "z_score": -0.2986363870844918
    },
    "Hanzo Studio-Flowty-TripoSR": {
        "raw": 0.0,
        "z_score": -0.3062757955092806
    },
    "Hanzo Studio-Path-Helper": {
        "raw": 0.0,
        "z_score": -0.3062757955092806
    },
    "Hanzo Studio_MaraScott_Nodes": {
        "raw": 43.28,
        "z_score": -0.28393568762922256
    },
    "Hanzo Studio_essentials": {
        "raw": 0.0,
        "z_score": -0.3062757955092806
    },
    "hanzo-studio-mixlab-nodes": {
        "raw": 4162.768,
        "z_score": 1.8424461591962038
    },
    "Hanzo Studio-Documents": {
        "raw": 0.64,
        "z_score": -0.305945442712533
    },
    "Hanzo Studio-KepOpenAI": {
        "raw": 0.0,
        "z_score": -0.3062757955092806
    },
    "Derfuu_Hanzo Studio_ModdedNodes": {
        "raw": 40.04,
        "z_score": -0.28560809866275744
    },
    "hanzo-studio-reactor-node": {
        "raw": 933.12,
        "z_score": 0.17537858214875407
    },
    "hanzo-studio-node-beautify": {
        "raw": 0.0,
        "z_score": -0.3062757955092806
    },
    "Hanzo Studio-Prompt-MZ": {
        "raw": 220.92000000000002,
        "z_score": -0.1922421394819604
    },
    "Hanzo Studio-Impact-Pack": {
        "raw": 5.5600000000000005,
        "z_score": -0.30340585558753563
    },
    "Hanzo Studio-KJNodes": {
        "raw": 46.0,
        "z_score": -0.28253168824304514
    },
    "hanzo-studio-sound-lab": {
        "raw": 1.5999999999999999,
        "z_score": -0.3054499135174115
    },
    "comfy-image-saver": {
        "raw": 40.08,
        "z_score": -0.2855874516129607
    },
    "hanzo-studio-inpaint-nodes": {
        "raw": 280.56,
        "z_score": -0.16145738823504124
    },
    "Hanzo Studio-layerdiffuse": {
        "raw": 64.0,
        "z_score": -0.27324051583451825
    },
    "hanzo-studio-ultralytics-yolo": {
        "raw": 0.0,
        "z_score": -0.3062757955092806
    },
    "Hanzo Manager": {
        "raw": 1275.576,
        "z_score": 0.35214623427844793
    },
    "hanzo-studio-tooling-nodes": {
        "raw": 0.0,
        "z_score": -0.3062757955092806
    },
    "hanzo-studio-lama-remover": {
        "raw": 40.12,
        "z_score": -0.28556680456316397
    },
    "Comfyui-ChatTTS": {
        "raw": 111.92,
        "z_score": -0.24850535017803996
    },
    "KepPromptLang": {
        "raw": 1250.64,
        "z_score": 0.3392748634351687
    },
    "bilbox-comfyui": {
        "raw": 145.48,
        "z_score": -0.23118247539858647
    },
    "hanzo-studio-yanc": {
        "raw": 0.0,
        "z_score": -0.3062757955092806
    },
    "Hanzo Studio-Inspire-Pack": {
        "raw": 3.16,
        "z_score": -0.3046446785753392
    },
    "Hanzo Studio_Custom_Nodes_AlekPet": {
        "raw": 4046.0879999999997,
        "z_score": 1.7822187149391526
    },
    "SeargeSDXL": {
        "raw": 756.4,
        "z_score": 0.0841599161468166
    },
    "hanzo-studio-dynamicprompts": {
        "raw": 400.8,
        "z_score": -0.09939235654608153
    },
    "Hanzo Studio-Custom-Scripts": {
        "raw": 97.84,
        "z_score": -0.25577311170648764
    },
    "LoadLoraWithTags": {
        "raw": 1.7999999999999998,
        "z_score": -0.30534667826842793
    },
    "NodeGPT": {
        "raw": 78.84,
        "z_score": -0.2655804603599327
    },
    "hanzo_studio_controlnet_aux": {
        "raw": 4648.280000000001,
        "z_score": 2.0930559202189105
    },
    "Hanzo Studio_UltimateSDUpscale": {
        "raw": 64.16,
        "z_score": -0.27315792763533137
    },